system,orbital,series,method,neighbor_radius_angstrom,point,x_ri_ao_ratio,valid_calculations,error_raw_meV,error_plotted_meV
GW100,homo,auto_r0.5,AUTO_RI,0.5,AUTO-RI_radius-0p5_RI-AO-ratio-1,1.0,100,121.83999999999993,121.83999999999993
GW100,lumo,auto_r0.5,AUTO_RI,0.5,AUTO-RI_radius-0p5_RI-AO-ratio-1,1.0,100,60.62000000000001,60.62000000000001
GW100,homo,auto_r0.5,AUTO_RI,0.5,AUTO-RI_radius-0p5_RI-AO-ratio-1p5,1.5,100,39.849999999999994,39.849999999999994
GW100,lumo,auto_r0.5,AUTO_RI,0.5,AUTO-RI_radius-0p5_RI-AO-ratio-1p5,1.5,100,29.160000000000018,29.160000000000018
GW100,homo,auto_r0.5,AUTO_RI,0.5,AUTO-RI_radius-0p5_RI-AO-ratio-2,2.0,100,17.689999999999877,17.689999999999877
GW100,lumo,auto_r0.5,AUTO_RI,0.5,AUTO-RI_radius-0p5_RI-AO-ratio-2,2.0,100,16.329999999999988,16.329999999999988
GW100,homo,auto_r0.5,AUTO_RI,0.5,AUTO-RI_radius-0p5_RI-AO-ratio-3,3.0,100,9.579999999999895,9.579999999999895
GW100,lumo,auto_r0.5,AUTO_RI,0.5,AUTO-RI_radius-0p5_RI-AO-ratio-3,3.0,100,14.430000000000014,14.430000000000014
GW100,homo,auto_r0.5,AUTO_RI,0.5,AUTO-RI_radius-0p5_RI-AO-ratio-4,4.0,100,9.029999999999943,9.029999999999943
GW100,lumo,auto_r0.5,AUTO_RI,0.5,AUTO-RI_radius-0p5_RI-AO-ratio-4,4.0,100,14.910000000000014,14.910000000000014
GW100,homo,auto_r0.5,AUTO_RI,0.5,AUTO-RI_radius-0p5_RI-AO-ratio-5,5.0,100,8.91999999999995,8.91999999999995
GW100,lumo,auto_r0.5,AUTO_RI,0.5,AUTO-RI_radius-0p5_RI-AO-ratio-5,5.0,100,14.74000000000001,14.74000000000001
GW100,homo,auto_r3,AUTO_RI,3.0,AUTO-RI_radius-3_RI-AO-ratio-1,1.0,100,391.56999999999994,391.56999999999994
GW100,lumo,auto_r3,AUTO_RI,3.0,AUTO-RI_radius-3_RI-AO-ratio-1,1.0,100,115.62000000000002,115.62000000000002
GW100,homo,auto_r3,AUTO_RI,3.0,AUTO-RI_radius-3_RI-AO-ratio-1p5,1.5,100,89.1299999999999,89.1299999999999
GW100,lumo,auto_r3,AUTO_RI,3.0,AUTO-RI_radius-3_RI-AO-ratio-1p5,1.5,100,31.43000000000001,31.43000000000001
GW100,homo,auto_r3,AUTO_RI,3.0,AUTO-RI_radius-3_RI-AO-ratio-2,2.0,100,41.56999999999991,41.56999999999991
GW100,lumo,auto_r3,AUTO_RI,3.0,AUTO-RI_radius-3_RI-AO-ratio-2,2.0,100,22.56,22.56
GW100,homo,auto_r3,AUTO_RI,3.0,AUTO-RI_radius-3_RI-AO-ratio-3,3.0,100,10.27999999999991,10.27999999999991
GW100,lumo,auto_r3,AUTO_RI,3.0,AUTO-RI_radius-3_RI-AO-ratio-3,3.0,100,13.910000000000023,13.910000000000023
GW100,homo,auto_r3,AUTO_RI,3.0,AUTO-RI_radius-3_RI-AO-ratio-4,4.0,100,8.569999999999931,8.569999999999931
GW100,lumo,auto_r3,AUTO_RI,3.0,AUTO-RI_radius-3_RI-AO-ratio-4,4.0,100,12.610000000000005,12.610000000000005
GW100,homo,auto_r3,AUTO_RI,3.0,AUTO-RI_radius-3_RI-AO-ratio-5,5.0,100,8.309999999999942,8.309999999999942
GW100,lumo,auto_r3,AUTO_RI,3.0,AUTO-RI_radius-3_RI-AO-ratio-5,5.0,100,12.38000000000001,12.38000000000001
GW100,homo,auto_r5,AUTO_RI,5.0,AUTO-RI_radius-5_RI-AO-ratio-1,1.0,100,395.49,395.49
GW100,lumo,auto_r5,AUTO_RI,5.0,AUTO-RI_radius-5_RI-AO-ratio-1,1.0,100,126.32,126.32
GW100,homo,auto_r5,AUTO_RI,5.0,AUTO-RI_radius-5_RI-AO-ratio-1p5,1.5,100,90.61999999999993,90.61999999999993
GW100,lumo,auto_r5,AUTO_RI,5.0,AUTO-RI_radius-5_RI-AO-ratio-1p5,1.5,100,34.77000000000001,34.77000000000001
GW100,homo,auto_r5,AUTO_RI,5.0,AUTO-RI_radius-5_RI-AO-ratio-2,2.0,100,37.96999999999996,37.96999999999996
GW100,lumo,auto_r5,AUTO_RI,5.0,AUTO-RI_radius-5_RI-AO-ratio-2,2.0,100,23.61000000000001,23.61000000000001
GW100,homo,auto_r5,AUTO_RI,5.0,AUTO-RI_radius-5_RI-AO-ratio-3,3.0,100,10.519999999999898,10.519999999999898
GW100,lumo,auto_r5,AUTO_RI,5.0,AUTO-RI_radius-5_RI-AO-ratio-3,3.0,100,14.05000000000002,14.05000000000002
GW100,homo,auto_r5,AUTO_RI,5.0,AUTO-RI_radius-5_RI-AO-ratio-4,4.0,100,8.479999999999913,8.479999999999913
GW100,lumo,auto_r5,AUTO_RI,5.0,AUTO-RI_radius-5_RI-AO-ratio-4,4.0,100,12.630000000000004,12.630000000000004
GW100,homo,auto_r5,AUTO_RI,5.0,AUTO-RI_radius-5_RI-AO-ratio-5,5.0,100,8.299999999999924,8.299999999999924
GW100,lumo,auto_r5,AUTO_RI,5.0,AUTO-RI_radius-5_RI-AO-ratio-5,5.0,100,12.450000000000012,12.450000000000012
GW100,homo,tabulated,tabulated_RI,,Tabulated_t1e-1,0.8356786727736811,100,1105.92,1105.92
GW100,lumo,tabulated,tabulated_RI,,Tabulated_t1e-1,0.8356786727736811,100,375.71,375.71
GW100,homo,tabulated,tabulated_RI,,Tabulated_t1e-2,1.384163325208602,100,405.82,405.82
GW100,lumo,tabulated,tabulated_RI,,Tabulated_t1e-2,1.384163325208602,100,136.18,136.18
GW100,homo,tabulated,tabulated_RI,,Tabulated_t1e-3,1.8603473158071382,100,100.13999999999996,100.13999999999996
GW100,lumo,tabulated,tabulated_RI,,Tabulated_t1e-3,1.8603473158071382,100,46.62,46.62
GW100,homo,tabulated,tabulated_RI,,Tabulated_t1e-4,2.0867752038705976,100,75.03999999999998,75.03999999999998
GW100,lumo,tabulated,tabulated_RI,,Tabulated_t1e-4,2.0867752038705976,100,35.290000000000006,35.290000000000006
GW100,homo,tabulated,tabulated_RI,,Tabulated_t1e-5,2.831771753252935,91,17.890109890109848,17.890109890109848
GW100,lumo,tabulated,tabulated_RI,,Tabulated_t1e-5,2.831771753252935,91,21.41758241758242,21.41758241758242
GW100,homo,tabulated,tabulated_RI,,Tabulated_t1e-6,3.3212703140923834,89,14.370786516853917,14.370786516853917
GW100,lumo,tabulated,tabulated_RI,,Tabulated_t1e-6,3.3212703140923834,89,18.516853932584283,18.516853932584283
GW100,homo,tabulated,tabulated_RI,,Tabulated_t1e-7,5.217217540780072,77,9.870129870129706,9.870129870129706
GW100,lumo,tabulated,tabulated_RI,,Tabulated_t1e-7,5.217217540780072,77,16.597402597402617,16.597402597402617
Si45H56,homo,auto_r0.5,AUTO_RI,0.5,AUTO-RI_radius-0p5_RI-AO-ratio-1,1.0,1,86.99999999999974,86.99999999999974
Si45H56,lumo,auto_r0.5,AUTO_RI,0.5,AUTO-RI_radius-0p5_RI-AO-ratio-1,1.0,1,179.00000000000017,179.00000000000017
Si45H56,homo,auto_r0.5,AUTO_RI,0.5,AUTO-RI_radius-0p5_RI-AO-ratio-1p5,1.5,1,12.000000000000455,12.000000000000455
Si45H56,lumo,auto_r0.5,AUTO_RI,0.5,AUTO-RI_radius-0p5_RI-AO-ratio-1p5,1.5,1,26.00000000000002,26.00000000000002
Si45H56,homo,auto_r0.5,AUTO_RI,0.5,AUTO-RI_radius-0p5_RI-AO-ratio-2,2.0,1,4.000000000000448,4.000000000000448
Si45H56,lumo,auto_r0.5,AUTO_RI,0.5,AUTO-RI_radius-0p5_RI-AO-ratio-2,2.0,1,10.000000000000009,10.000000000000009
Si45H56,homo,auto_r0.5,AUTO_RI,0.5,AUTO-RI_radius-0p5_RI-AO-ratio-3,3.0,1,1.9999999999997797,1.9999999999997797
Si45H56,lumo,auto_r0.5,AUTO_RI,0.5,AUTO-RI_radius-0p5_RI-AO-ratio-3,3.0,1,22.999999999999908,22.999999999999908
Si45H56,homo,auto_r0.5,AUTO_RI,0.5,AUTO-RI_radius-0p5_RI-AO-ratio-4,4.0,1,3.0000000000001137,3.0000000000001137
Si45H56,lumo,auto_r0.5,AUTO_RI,0.5,AUTO-RI_radius-0p5_RI-AO-ratio-4,4.0,1,0.0,1.0
Si45H56,homo,auto_r0.5,AUTO_RI,0.5,AUTO-RI_radius-0p5_RI-AO-ratio-5,5.0,1,3.0000000000001137,3.0000000000001137
Si45H56,lumo,auto_r0.5,AUTO_RI,0.5,AUTO-RI_radius-0p5_RI-AO-ratio-5,5.0,1,0.0,1.0
Si45H56,homo,auto_r3,AUTO_RI,3.0,AUTO-RI_radius-3_RI-AO-ratio-1,1.0,1,94.99999999999974,94.99999999999974
Si45H56,lumo,auto_r3,AUTO_RI,3.0,AUTO-RI_radius-3_RI-AO-ratio-1,1.0,1,165.00000000000014,165.00000000000014
Si45H56,homo,auto_r3,AUTO_RI,3.0,AUTO-RI_radius-3_RI-AO-ratio-1p5,1.5,1,35.00000000000014,35.00000000000014
Si45H56,lumo,auto_r3,AUTO_RI,3.0,AUTO-RI_radius-3_RI-AO-ratio-1p5,1.5,1,55.000000000000156,55.000000000000156
Si45H56,homo,auto_r3,AUTO_RI,3.0,AUTO-RI_radius-3_RI-AO-ratio-2,2.0,1,9.000000000000341,9.000000000000341
Si45H56,lumo,auto_r3,AUTO_RI,3.0,AUTO-RI_radius-3_RI-AO-ratio-2,2.0,1,10.000000000000009,10.000000000000009
Si45H56,homo,auto_r3,AUTO_RI,3.0,AUTO-RI_radius-3_RI-AO-ratio-3,3.0,1,0.9999999999994458,1.0
Si45H56,lumo,auto_r3,AUTO_RI,3.0,AUTO-RI_radius-3_RI-AO-ratio-3,3.0,1,2.0000000000000018,2.0000000000000018
Si45H56,homo,auto_r3,AUTO_RI,3.0,AUTO-RI_radius-3_RI-AO-ratio-4,4.0,1,3.0000000000001137,3.0000000000001137
Si45H56,lumo,auto_r3,AUTO_RI,3.0,AUTO-RI_radius-3_RI-AO-ratio-4,4.0,1,0.0,1.0
Si45H56,homo,auto_r3,AUTO_RI,3.0,AUTO-RI_radius-3_RI-AO-ratio-5,5.0,1,3.9999999999995595,3.9999999999995595
Si45H56,lumo,auto_r3,AUTO_RI,3.0,AUTO-RI_radius-3_RI-AO-ratio-5,5.0,1,0.0,1.0
Si45H56,homo,auto_r5,AUTO_RI,5.0,AUTO-RI_radius-5_RI-AO-ratio-1,1.0,1,113.99999999999989,113.99999999999989
Si45H56,lumo,auto_r5,AUTO_RI,5.0,AUTO-RI_radius-5_RI-AO-ratio-1,1.0,1,215.00000000000009,215.00000000000009
Si45H56,homo,auto_r5,AUTO_RI,5.0,AUTO-RI_radius-5_RI-AO-ratio-1p5,1.5,1,60.99999999999994,60.99999999999994
Si45H56,lumo,auto_r5,AUTO_RI,5.0,AUTO-RI_radius-5_RI-AO-ratio-1p5,1.5,1,66.00000000000006,66.00000000000006
Si45H56,homo,auto_r5,AUTO_RI,5.0,AUTO-RI_radius-5_RI-AO-ratio-2,2.0,1,22.00000000000024,22.00000000000024
Si45H56,lumo,auto_r5,AUTO_RI,5.0,AUTO-RI_radius-5_RI-AO-ratio-2,2.0,1,22.00000000000002,22.00000000000002
Si45H56,homo,auto_r5,AUTO_RI,5.0,AUTO-RI_radius-5_RI-AO-ratio-3,3.0,1,12.9999999999999,12.9999999999999
Si45H56,lumo,auto_r5,AUTO_RI,5.0,AUTO-RI_radius-5_RI-AO-ratio-3,3.0,1,2.0000000000000018,2.0000000000000018
Si45H56,homo,auto_r5,AUTO_RI,5.0,AUTO-RI_radius-5_RI-AO-ratio-4,4.0,1,9.000000000000341,9.000000000000341
Si45H56,lumo,auto_r5,AUTO_RI,5.0,AUTO-RI_radius-5_RI-AO-ratio-4,4.0,1,2.0000000000000018,2.0000000000000018
Si45H56,homo,auto_r5,AUTO_RI,5.0,AUTO-RI_radius-5_RI-AO-ratio-5,5.0,1,6.000000000000227,6.000000000000227
Si45H56,lumo,auto_r5,AUTO_RI,5.0,AUTO-RI_radius-5_RI-AO-ratio-5,5.0,1,1.000000000000112,1.000000000000112
Si45H56,homo,tabulated,tabulated_RI,,Tabulated_t1e-1,0.8056460369163952,1,173.00000000000006,173.00000000000006
Si45H56,lumo,tabulated,tabulated_RI,,Tabulated_t1e-1,0.8056460369163952,1,136.0000000000001,136.0000000000001
Si45H56,homo,tabulated,tabulated_RI,,Tabulated_t1e-2,1.232356134636265,1,125.0,125.0
Si45H56,lumo,tabulated,tabulated_RI,,Tabulated_t1e-2,1.232356134636265,1,79.00000000000018,79.00000000000018
Si45H56,homo,tabulated,tabulated_RI,,Tabulated_t1e-3,1.6232356134636265,1,36.99999999999992,36.99999999999992
Si45H56,lumo,tabulated,tabulated_RI,,Tabulated_t1e-3,1.6232356134636265,1,8.000000000000007,8.000000000000007
Si45H56,homo,tabulated,tabulated_RI,,Tabulated_t1e-4,1.6840390879478828,1,39.00000000000059,39.00000000000059
Si45H56,lumo,tabulated,tabulated_RI,,Tabulated_t1e-4,1.6840390879478828,1,5.999999999999783,5.999999999999783
Si45H56,homo,tabulated,tabulated_RI,,Tabulated_t1e-5,2.403908794788274,1,28.00000000000047,28.00000000000047
Si45H56,lumo,tabulated,tabulated_RI,,Tabulated_t1e-5,2.403908794788274,1,0.0,1.0
Si45H56,homo,tabulated,tabulated_RI,,Tabulated_t1e-6,2.8675352877307274,1,4.000000000000448,4.000000000000448
Si45H56,lumo,tabulated,tabulated_RI,,Tabulated_t1e-6,2.8675352877307274,1,2.0000000000000018,2.0000000000000018
Si293H172,homo,auto_r0.5,AUTO_RI,0.5,AUTO-RI_radius-0p5_RI-AO-ratio-1,1.0,1,59.99999999999961,59.99999999999961
Si293H172,lumo,auto_r0.5,AUTO_RI,0.5,AUTO-RI_radius-0p5_RI-AO-ratio-1,1.0,1,188.00000000000017,188.00000000000017
Si293H172,homo,auto_r0.5,AUTO_RI,0.5,AUTO-RI_radius-0p5_RI-AO-ratio-1p5,1.5,1,4.999999999999893,4.999999999999893
Si293H172,lumo,auto_r0.5,AUTO_RI,0.5,AUTO-RI_radius-0p5_RI-AO-ratio-1p5,1.5,1,32.999999999999915,32.999999999999915
Si293H172,homo,auto_r0.5,AUTO_RI,0.5,AUTO-RI_radius-0p5_RI-AO-ratio-2,2.0,1,1.9999999999997797,1.9999999999997797
Si293H172,lumo,auto_r0.5,AUTO_RI,0.5,AUTO-RI_radius-0p5_RI-AO-ratio-2,2.0,1,15.000000000000124,15.000000000000124
Si293H172,homo,auto_r0.5,AUTO_RI,0.5,AUTO-RI_radius-0p5_RI-AO-ratio-3,3.0,1,0.0,1.0
Si293H172,lumo,auto_r0.5,AUTO_RI,0.5,AUTO-RI_radius-0p5_RI-AO-ratio-3,3.0,1,0.0,1.0
Si293H172,homo,auto_r0.5,AUTO_RI,0.5,AUTO-RI_radius-0p5_RI-AO-ratio-4,4.0,1,1.9999999999997797,1.9999999999997797
Si293H172,lumo,auto_r0.5,AUTO_RI,0.5,AUTO-RI_radius-0p5_RI-AO-ratio-4,4.0,1,0.9999999999998899,1.0
Si293H172,homo,auto_r0.5,AUTO_RI,0.5,AUTO-RI_radius-0p5_RI-AO-ratio-5,5.0,1,1.9999999999997797,1.9999999999997797
Si293H172,lumo,auto_r0.5,AUTO_RI,0.5,AUTO-RI_radius-0p5_RI-AO-ratio-5,5.0,1,0.9999999999998899,1.0
Si293H172,homo,auto_r3,AUTO_RI,3.0,AUTO-RI_radius-3_RI-AO-ratio-1,1.0,1,52.999999999999936,52.999999999999936
Si293H172,lumo,auto_r3,AUTO_RI,3.0,AUTO-RI_radius-3_RI-AO-ratio-1,1.0,1,87.00000000000018,87.00000000000018
Si293H172,homo,auto_r3,AUTO_RI,3.0,AUTO-RI_radius-3_RI-AO-ratio-1p5,1.5,1,11.999999999999567,11.999999999999567
Si293H172,lumo,auto_r3,AUTO_RI,3.0,AUTO-RI_radius-3_RI-AO-ratio-1p5,1.5,1,4.0000000000000036,4.0000000000000036
Si293H172,homo,auto_r3,AUTO_RI,3.0,AUTO-RI_radius-3_RI-AO-ratio-2,2.0,1,4.999999999999893,4.999999999999893
Si293H172,lumo,auto_r3,AUTO_RI,3.0,AUTO-RI_radius-3_RI-AO-ratio-2,2.0,1,3.0000000000001137,3.0000000000001137
Si293H172,homo,auto_r3,AUTO_RI,3.0,AUTO-RI_radius-3_RI-AO-ratio-3,3.0,1,3.0000000000001137,3.0000000000001137
Si293H172,lumo,auto_r3,AUTO_RI,3.0,AUTO-RI_radius-3_RI-AO-ratio-3,3.0,1,2.000000000000224,2.000000000000224
Si293H172,homo,auto_r3,AUTO_RI,3.0,AUTO-RI_radius-3_RI-AO-ratio-4,4.0,1,3.0000000000001137,3.0000000000001137
Si293H172,lumo,auto_r3,AUTO_RI,3.0,AUTO-RI_radius-3_RI-AO-ratio-4,4.0,1,0.9999999999998899,1.0
Si293H172,homo,auto_r3,AUTO_RI,3.0,AUTO-RI_radius-3_RI-AO-ratio-5,5.0,1,4.999999999999893,4.999999999999893
Si293H172,lumo,auto_r3,AUTO_RI,3.0,AUTO-RI_radius-3_RI-AO-ratio-5,5.0,1,2.000000000000224,2.000000000000224
Si293H172,homo,auto_r5,AUTO_RI,5.0,AUTO-RI_radius-5_RI-AO-ratio-1,1.0,1,86.99999999999974,86.99999999999974
Si293H172,lumo,auto_r5,AUTO_RI,5.0,AUTO-RI_radius-5_RI-AO-ratio-1,1.0,1,153.00000000000003,153.00000000000003
Si293H172,homo,auto_r5,AUTO_RI,5.0,AUTO-RI_radius-5_RI-AO-ratio-1p5,1.5,1,44.99999999999993,44.99999999999993
Si293H172,lumo,auto_r5,AUTO_RI,5.0,AUTO-RI_radius-5_RI-AO-ratio-1p5,1.5,1,48.99999999999993,48.99999999999993
Si293H172,homo,auto_r5,AUTO_RI,5.0,AUTO-RI_radius-5_RI-AO-ratio-2,2.0,1,9.999999999999787,9.999999999999787
Si293H172,lumo,auto_r5,AUTO_RI,5.0,AUTO-RI_radius-5_RI-AO-ratio-2,2.0,1,14.000000000000234,14.000000000000234
Si293H172,homo,auto_r5,AUTO_RI,5.0,AUTO-RI_radius-5_RI-AO-ratio-3,3.0,1,1.000000000000334,1.000000000000334
Si293H172,lumo,auto_r5,AUTO_RI,5.0,AUTO-RI_radius-5_RI-AO-ratio-3,3.0,1,0.0,1.0
Si293H172,homo,auto_r5,AUTO_RI,5.0,AUTO-RI_radius-5_RI-AO-ratio-4,4.0,1,4.999999999999893,4.999999999999893
Si293H172,lumo,auto_r5,AUTO_RI,5.0,AUTO-RI_radius-5_RI-AO-ratio-4,4.0,1,4.0000000000000036,4.0000000000000036
Si293H172,homo,auto_r5,AUTO_RI,5.0,AUTO-RI_radius-5_RI-AO-ratio-5,5.0,1,4.000000000000448,4.000000000000448
Si293H172,lumo,auto_r5,AUTO_RI,5.0,AUTO-RI_radius-5_RI-AO-ratio-5,5.0,1,0.9999999999998899,1.0
Si293H172,homo,tabulated,tabulated_RI,,Tabulated_t1e-1,0.9184052881636026,1,163.00000000000026,163.00000000000026
Si293H172,lumo,tabulated,tabulated_RI,,Tabulated_t1e-1,0.9184052881636026,1,111.00000000000021,111.00000000000021
Si293H172,homo,tabulated,tabulated_RI,,Tabulated_t1e-2,1.32761826068994,1,123.00000000000023,123.00000000000023
Si293H172,lumo,tabulated,tabulated_RI,,Tabulated_t1e-2,1.32761826068994,1,68.00000000000006,68.00000000000006
Si293H172,homo,tabulated,tabulated_RI,,Tabulated_t1e-3,1.8118157405494733,1,30.00000000000025,30.00000000000025
Si293H172,lumo,tabulated,tabulated_RI,,Tabulated_t1e-3,1.8118157405494733,1,0.9999999999998899,1.0
Si293H172,homo,tabulated,tabulated_RI,,Tabulated_t1e-4,1.847345589754183,1,30.999999999999694,30.999999999999694
Si293H172,lumo,tabulated,tabulated_RI,,Tabulated_t1e-4,1.847345589754183,1,7.000000000000117,7.000000000000117
Si293H172,homo,tabulated,tabulated_RI,,Tabulated_t1e-5,2.6197066721751705,1,11.999999999999567,11.999999999999567
Si293H172,lumo,tabulated,tabulated_RI,,Tabulated_t1e-5,2.6197066721751705,1,1.9999999999997797,1.9999999999997797
Si293H172,homo,tabulated,tabulated_RI,,Tabulated_t1e-6,3.1144391654616816,1,1.9999999999997797,1.9999999999997797
Si293H172,lumo,tabulated,tabulated_RI,,Tabulated_t1e-6,3.1144391654616816,1,0.9999999999998899,1.0
