radius_A,ri_ao_ratio,rs_ao_ratio,orbital,n,mae_meV,p95_meV,max_abs_meV,worst_molecule,worst_signed_meV
0.5,2,2,HOMO,100,446.44,1442.0000000000002,2029.0,02_Ne,2029.0
0.5,2,2,LUMO,100,111.93,296.99999999999994,450.99999999999983,82_O3,450.99999999999983
0.5,2,3,HOMO,100,117.30999999999993,357.99999999999875,626.0000000000003,99_Cu2,626.0000000000003
0.5,2,3,LUMO,100,42.34000000000002,97.0000000000002,188.00000000000003,16_F2,188.00000000000003
0.5,2,4,HOMO,100,51.36999999999992,139.00000000000023,254.9999999999999,100_CuCN,254.9999999999999
0.5,2,4,LUMO,100,21.519999999999992,60.0,130.0,94_cytosine,130.0
0.5,2,5,HOMO,100,38.279999999999994,102.99999999999976,253.0000000000001,52_HF,253.0000000000001
0.5,2,5,LUMO,100,11.61999999999999,40.000000000000036,71.00000000000001,16_F2,71.00000000000001
0.5,2,6,HOMO,100,18.10999999999992,48.99999999999949,67.00000000000017,35_CF4,67.00000000000017
0.5,2,6,LUMO,100,5.929999999999978,17.999999999999794,55.99999999999999,54_LiF,-55.99999999999999
0.5,2,7,HOMO,100,10.76,29.99999999999936,59.00000000000105,06_H2,59.00000000000105
0.5,2,7,LUMO,100,4.090000000000002,12.9999999999999,57.99999999999999,54_LiF,-57.99999999999999
0.5,2,8,HOMO,100,9.369999999999962,25.000000000000355,47.0000000000006,73_C4H10O4,47.0000000000006
0.5,2,8,LUMO,100,4.160000000000002,14.000000000000012,56.99999999999999,54_LiF,-56.99999999999999
0.5,2,9,HOMO,100,9.349999999999937,24.999999999999467,44.00000000000048,82_O3,44.00000000000048
0.5,2,9,LUMO,100,4.180000000000014,14.000000000000012,57.99999999999999,54_LiF,-57.99999999999999
0.5,2,10,HOMO,100,8.929999999999927,24.99999999999858,44.00000000000048,73_C4H10O4,44.00000000000048
0.5,2,10,LUMO,100,4.150000000000008,14.999999999999902,57.99999999999999,54_LiF,-57.99999999999999
0.5,3,2,HOMO,100,428.05999999999995,1395.0000000000014,2012.0000000000005,02_Ne,2012.0000000000005
0.5,3,2,LUMO,100,110.0,282.0,416.99999999999994,83_SO2,416.99999999999994
0.5,3,3,HOMO,100,107.90999999999991,317.9999999999996,609.0000000000005,99_Cu2,609.0000000000005
0.5,3,3,LUMO,100,44.25000000000001,110.99999999999999,177.0,56_TiF4,177.0
0.5,3,4,HOMO,100,43.87999999999999,99.99999999999964,214.99999999999986,100_CuCN,214.99999999999986
0.5,3,4,LUMO,100,20.359999999999992,62.0,118.0000000000001,94_cytosine,118.0000000000001
0.5,3,5,HOMO,100,32.39000000000006,96.00000000000009,245.000000000001,52_HF,245.000000000001
0.5,3,5,LUMO,100,9.379999999999981,32.00000000000003,61.0,16_F2,61.0
0.5,3,6,HOMO,100,12.229999999999979,35.00000000000014,53.000000000000824,56_TiF4,53.000000000000824
0.5,3,6,LUMO,100,5.0099999999999785,16.000000000000014,55.99999999999999,54_LiF,-55.99999999999999
0.5,3,7,HOMO,100,5.609999999999917,14.999999999998792,59.00000000000105,06_H2,59.00000000000105
0.5,3,7,LUMO,100,3.7999999999999994,12.00000000000001,57.99999999999999,54_LiF,-57.99999999999999
0.5,3,8,HOMO,100,4.569999999999909,12.000000000000455,40.0000000000027,01_He,-40.0000000000027
0.5,3,8,LUMO,100,3.0700000000000074,10.000000000000009,56.99999999999999,54_LiF,-56.99999999999999
0.5,3,9,HOMO,100,4.410000000000082,11.000000000001009,40.0000000000027,01_He,-40.0000000000027
0.5,3,9,LUMO,100,2.6600000000000095,10.999999999999899,57.99999999999999,54_LiF,-57.99999999999999
0.5,3,10,HOMO,100,3.849999999999966,10.000000000001563,40.0000000000027,01_He,-40.0000000000027
0.5,3,10,LUMO,100,2.2900000000000076,7.000000000000006,57.99999999999999,54_LiF,-57.99999999999999
0.5,4,2,HOMO,100,424.0199999999999,1372.0000000000016,2012.0000000000005,02_Ne,2012.0000000000005
0.5,4,2,LUMO,100,109.71,281.0000000000001,412.0,83_SO2,412.0
0.5,4,3,HOMO,100,104.98999999999997,296.9999999999988,609.0000000000005,99_Cu2,609.0000000000005
0.5,4,3,LUMO,100,44.09000000000002,98.99999999999997,177.0,56_TiF4,177.0
0.5,4,4,HOMO,100,43.45999999999995,99.0000000000002,211.99999999999974,100_CuCN,211.99999999999974
0.5,4,4,LUMO,100,20.279999999999983,62.0,117.0000000000001,94_cytosine,117.0000000000001
0.5,4,5,HOMO,100,31.969999999999995,96.00000000000009,245.000000000001,52_HF,245.000000000001
0.5,4,5,LUMO,100,9.34999999999998,31.00000000000003,61.0,16_F2,61.0
0.5,4,6,HOMO,100,11.99999999999997,35.00000000000014,53.000000000000824,56_TiF4,53.000000000000824
0.5,4,6,LUMO,100,4.9499999999999735,16.999999999999904,55.99999999999999,54_LiF,-55.99999999999999
0.5,4,7,HOMO,100,5.829999999999931,16.000000000000014,59.00000000000105,06_H2,59.00000000000105
0.5,4,7,LUMO,100,3.969999999999993,12.00000000000001,57.99999999999999,54_LiF,-57.99999999999999
0.5,4,8,HOMO,100,5.449999999999909,12.000000000000455,90.9999999999993,14_P2,90.9999999999993
0.5,4,8,LUMO,100,3.630000000000008,10.999999999999899,56.99999999999999,54_LiF,-56.99999999999999
0.5,4,9,HOMO,100,4.470000000000048,12.000000000000455,40.0000000000027,01_He,-40.0000000000027
0.5,4,9,LUMO,100,2.7000000000000175,11.00000000000001,57.99999999999999,54_LiF,-57.99999999999999
0.5,4,10,HOMO,100,3.6200000000000134,11.000000000001009,40.0000000000027,01_He,-40.0000000000027
0.5,4,10,LUMO,100,2.380000000000003,9.000000000000007,57.99999999999999,54_LiF,-57.99999999999999
0.5,5,2,HOMO,100,423.6599999999999,1368.0000000000002,2012.0000000000005,02_Ne,2012.0000000000005
0.5,5,2,LUMO,100,109.56,281.0000000000001,412.0,83_SO2,412.0
0.5,5,3,HOMO,100,105.55000000000004,294.99999999999994,609.0000000000005,99_Cu2,609.0000000000005
0.5,5,3,LUMO,100,44.600000000000016,110.99999999999999,177.0,56_TiF4,177.0
0.5,5,4,HOMO,100,43.05999999999994,99.0000000000002,211.99999999999974,100_CuCN,211.99999999999974
0.5,5,4,LUMO,100,20.249999999999982,62.0,117.0000000000001,94_cytosine,117.0000000000001
0.5,5,5,HOMO,100,32.069999999999965,96.99999999999953,245.000000000001,52_HF,245.000000000001
0.5,5,5,LUMO,100,9.359999999999983,31.00000000000003,61.0,16_F2,61.0
0.5,5,6,HOMO,100,11.989999999999942,33.99999999999892,53.000000000000824,56_TiF4,53.000000000000824
0.5,5,6,LUMO,100,4.989999999999972,16.999999999999904,55.99999999999999,54_LiF,-55.99999999999999
0.5,5,7,HOMO,100,5.589999999999958,15.000000000000568,59.00000000000105,06_H2,59.00000000000105
0.5,5,7,LUMO,100,4.329999999999992,13.9999999999999,57.99999999999999,54_LiF,-57.99999999999999
0.5,5,8,HOMO,100,5.469999999999925,12.9999999999999,90.9999999999993,14_P2,90.9999999999993
0.5,5,8,LUMO,100,3.610000000000008,10.999999999999899,56.99999999999999,54_LiF,-56.99999999999999
0.5,5,9,HOMO,100,4.370000000000015,11.00000000000012,40.0000000000027,01_He,-40.0000000000027
0.5,5,9,LUMO,100,2.6900000000000177,11.00000000000001,57.99999999999999,54_LiF,-57.99999999999999
0.5,5,10,HOMO,100,3.6400000000000294,11.00000000000012,40.0000000000027,01_He,-40.0000000000027
0.5,5,10,LUMO,100,2.4000000000000044,9.000000000000007,57.99999999999999,54_LiF,-57.99999999999999
3.0,2,2,HOMO,100,288.61,670.9999999999993,2029.0,02_Ne,2029.0
3.0,2,2,LUMO,100,93.59,262.0,816.0,82_O3,816.0
3.0,2,3,HOMO,100,101.35999999999994,266.99999999999943,580.0000000000001,100_CuCN,580.0000000000001
3.0,2,3,LUMO,100,34.50000000000001,115.99999999999999,136.0,56_TiF4,136.0
3.0,2,4,HOMO,100,42.42000000000003,112.99999999999955,203.99999999999974,100_CuCN,203.99999999999974
3.0,2,4,LUMO,100,15.85,57.00000000000005,131.9999999999999,82_O3,131.9999999999999
3.0,2,5,HOMO,100,21.630000000000056,57.000000000000384,143.00000000000068,73_C4H10O4,143.00000000000068
3.0,2,5,LUMO,100,8.559999999999981,30.0,74.99999999999996,82_O3,74.99999999999996
3.0,2,6,HOMO,100,11.249999999999941,29.99999999999936,55.00000000000149,82_O3,55.00000000000149
3.0,2,6,LUMO,100,5.429999999999998,19.000000000000004,57.99999999999999,54_LiF,-57.99999999999999
3.0,2,7,HOMO,100,8.700000000000053,24.99999999999858,53.000000000000824,73_C4H10O4,53.000000000000824
3.0,2,7,LUMO,100,4.030000000000002,14.000000000000012,57.99999999999999,54_LiF,-57.99999999999999
3.0,2,8,HOMO,100,8.170000000000007,23.999999999999133,48.00000000000004,73_C4H10O4,48.00000000000004
3.0,2,8,LUMO,100,4.2300000000000075,14.000000000000012,57.99999999999999,54_LiF,-57.99999999999999
3.0,2,9,HOMO,100,7.870000000000005,23.999999999999133,47.0000000000006,73_C4H10O4,47.0000000000006
3.0,2,9,LUMO,100,4.070000000000011,14.000000000000012,57.99999999999999,54_LiF,-57.99999999999999
3.0,2,10,HOMO,100,7.899999999999985,22.999999999999687,48.00000000000004,73_C4H10O4,48.00000000000004
3.0,2,10,LUMO,100,4.100000000000012,14.000000000000012,57.99999999999999,54_LiF,-57.99999999999999
3.0,3,2,HOMO,100,268.99,644.9999999999995,2012.0000000000005,02_Ne,2012.0000000000005
3.0,3,2,LUMO,100,88.50999999999998,254.0,747.9999999999999,82_O3,747.9999999999999
3.0,3,3,HOMO,100,89.21000000000002,234.0,522.9999999999997,100_CuCN,522.9999999999997
3.0,3,3,LUMO,100,30.660000000000004,98.00000000000009,130.0,56_TiF4,130.0
3.0,3,4,HOMO,100,33.699999999999925,92.99999999999997,160.00000000000014,100_CuCN,160.00000000000014
3.0,3,4,LUMO,100,13.489999999999998,46.00000000000004,108.99999999999999,82_O3,108.99999999999999
3.0,3,5,HOMO,100,14.519999999999992,41.00000000000037,110.99999999999977,100_CuCN,110.99999999999977
3.0,3,5,LUMO,100,6.309999999999999,27.000000000000135,57.99999999999999,54_LiF,-57.99999999999999
3.0,3,6,HOMO,100,5.110000000000017,19.999999999999574,40.0000000000027,01_He,-40.0000000000027
3.0,3,6,LUMO,100,3.1399999999999886,11.00000000000001,57.99999999999999,54_LiF,-57.99999999999999
3.0,3,7,HOMO,100,3.4800000000000693,9.999999999999787,40.0000000000027,01_He,-40.0000000000027
3.0,3,7,LUMO,100,2.119999999999995,6.999999999999895,57.99999999999999,54_LiF,-57.99999999999999
3.0,3,8,HOMO,100,3.1700000000000195,11.00000000000012,40.0000000000027,01_He,-40.0000000000027
3.0,3,8,LUMO,100,2.050000000000001,8.000000000000007,57.99999999999999,54_LiF,-57.99999999999999
3.0,3,9,HOMO,100,2.8799999999999533,10.999999999999233,40.0000000000027,01_He,-40.0000000000027
3.0,3,9,LUMO,100,2.0600000000000023,8.000000000000007,57.99999999999999,54_LiF,-57.99999999999999
3.0,3,10,HOMO,100,2.839999999999993,11.00000000000012,40.0000000000027,01_He,-40.0000000000027
3.0,3,10,LUMO,100,2.060000000000001,8.999999999999897,57.99999999999999,54_LiF,-57.99999999999999
3.0,4,2,HOMO,100,265.17999999999995,612.9999999999995,2012.0000000000005,02_Ne,2012.0000000000005
3.0,4,2,LUMO,100,87.34999999999998,254.0,731.0,82_O3,731.0
3.0,4,3,HOMO,100,86.9900000000001,234.0,522.0000000000002,100_CuCN,522.0000000000002
3.0,4,3,LUMO,100,29.950000000000014,95.99999999999997,130.0,56_TiF4,130.0
3.0,4,4,HOMO,100,32.45999999999994,91.99999999999875,158.9999999999998,100_CuCN,158.9999999999998
3.0,4,4,LUMO,100,13.280000000000003,45.00000000000004,104.99999999999999,82_O3,104.99999999999999
3.0,4,5,HOMO,100,13.629999999999988,40.99999999999948,110.99999999999977,100_CuCN,110.99999999999977
3.0,4,5,LUMO,100,6.009999999999992,27.000000000000135,57.99999999999999,54_LiF,-57.99999999999999
3.0,4,6,HOMO,100,4.839999999999974,17.999999999998906,40.0000000000027,01_He,-40.0000000000027
3.0,4,6,LUMO,100,3.0099999999999913,10.999999999999899,57.99999999999999,54_LiF,-57.99999999999999
3.0,4,7,HOMO,100,3.149999999999986,9.999999999999787,40.0000000000027,01_He,-40.0000000000027
3.0,4,7,LUMO,100,1.9800000000000009,7.999999999999896,57.99999999999999,54_LiF,-57.99999999999999
3.0,4,8,HOMO,100,2.860000000000067,11.00000000000012,40.0000000000027,01_He,-40.0000000000027
3.0,4,8,LUMO,100,1.9300000000000057,9.000000000000007,57.99999999999999,54_LiF,-57.99999999999999
3.0,4,9,HOMO,100,2.5100000000000167,11.000000000001009,40.0000000000027,01_He,-40.0000000000027
3.0,4,9,LUMO,100,1.8800000000000059,10.000000000000009,57.99999999999999,54_LiF,-57.99999999999999
3.0,4,10,HOMO,100,2.5500000000000482,11.999999999998678,40.0000000000027,01_He,-40.0000000000027
3.0,4,10,LUMO,100,1.9100000000000026,10.000000000000009,57.99999999999999,54_LiF,-57.99999999999999
3.0,5,2,HOMO,100,264.36,610.9999999999989,2012.0000000000005,02_Ne,2012.0000000000005
3.0,5,2,LUMO,100,87.48,254.0,728.0,82_O3,728.0
3.0,5,3,HOMO,100,86.58000000000006,234.0,522.0000000000002,100_CuCN,522.0000000000002
3.0,5,3,LUMO,100,30.08000000000001,95.99999999999997,130.0,56_TiF4,130.0
3.0,5,4,HOMO,100,32.48999999999999,91.99999999999875,158.9999999999998,100_CuCN,158.9999999999998
3.0,5,4,LUMO,100,13.110000000000003,45.00000000000004,104.99999999999999,82_O3,104.99999999999999
3.0,5,5,HOMO,100,13.739999999999963,40.99999999999948,110.99999999999977,100_CuCN,110.99999999999977
3.0,5,5,LUMO,100,6.0199999999999925,27.000000000000135,57.99999999999999,54_LiF,-57.99999999999999
3.0,5,6,HOMO,100,4.819999999999985,17.999999999998906,40.0000000000027,01_He,-40.0000000000027
3.0,5,6,LUMO,100,2.9499999999999926,10.999999999999899,57.99999999999999,54_LiF,-57.99999999999999
3.0,5,7,HOMO,100,3.1899999999999817,9.999999999999787,40.0000000000027,01_He,-40.0000000000027
3.0,5,7,LUMO,100,2.020000000000001,8.000000000000007,57.99999999999999,54_LiF,-57.99999999999999
3.0,5,8,HOMO,100,2.8400000000000603,11.00000000000012,40.0000000000027,01_He,-40.0000000000027
3.0,5,8,LUMO,100,1.9500000000000048,9.999999999999897,57.99999999999999,54_LiF,-57.99999999999999
3.0,5,9,HOMO,100,2.530000000000024,11.000000000001009,40.0000000000027,01_He,-40.0000000000027
3.0,5,9,LUMO,100,1.8700000000000068,10.000000000000009,57.99999999999999,54_LiF,-57.99999999999999
3.0,5,10,HOMO,100,2.5900000000000616,11.000000000001009,40.0000000000027,01_He,-40.0000000000027
3.0,5,10,LUMO,100,1.9000000000000048,10.000000000000009,57.99999999999999,54_LiF,-57.99999999999999
5.0,2,2,HOMO,100,264.34,615.0000000000002,2029.0,02_Ne,2029.0
5.0,2,2,LUMO,100,88.76,245.0,816.0,82_O3,816.0
5.0,2,3,HOMO,100,90.37999999999987,266.99999999999943,580.0000000000001,100_CuCN,580.0000000000001
5.0,2,3,LUMO,100,28.640000000000008,110.99999999999999,136.0,56_TiF4,136.0
5.0,2,4,HOMO,100,33.91000000000004,86.0000000000003,203.99999999999974,100_CuCN,203.99999999999974
5.0,2,4,LUMO,100,12.18,46.00000000000004,131.9999999999999,82_O3,131.9999999999999
5.0,2,5,HOMO,100,16.640000000000082,57.000000000000384,120.00000000000011,100_CuCN,120.00000000000011
5.0,2,5,LUMO,100,6.849999999999979,27.000000000000135,74.99999999999996,82_O3,74.99999999999996
5.0,2,6,HOMO,100,9.719999999999953,26.999999999999247,55.00000000000149,82_O3,55.00000000000149
5.0,2,6,LUMO,100,4.579999999999998,16.000000000000014,57.99999999999999,54_LiF,-57.99999999999999
5.0,2,7,HOMO,100,8.33999999999996,22.999999999999687,48.00000000000004,73_C4H10O4,48.00000000000004
5.0,2,7,LUMO,100,4.060000000000005,14.000000000000012,57.99999999999999,54_LiF,-57.99999999999999
5.0,2,8,HOMO,100,8.090000000000055,23.999999999999133,47.0000000000006,73_C4H10O4,47.0000000000006
5.0,2,8,LUMO,100,4.080000000000007,14.000000000000012,57.99999999999999,54_LiF,-57.99999999999999
5.0,2,9,HOMO,100,7.930000000000016,23.999999999999133,48.00000000000004,73_C4H10O4,48.00000000000004
5.0,2,9,LUMO,100,4.040000000000011,14.000000000000012,57.99999999999999,54_LiF,-57.99999999999999
5.0,2,10,HOMO,100,7.979999999999989,23.999999999999133,48.00000000000004,73_C4H10O4,48.00000000000004
5.0,2,10,LUMO,100,4.090000000000012,14.000000000000012,57.99999999999999,54_LiF,-57.99999999999999
5.0,3,2,HOMO,100,245.53,596.0000000000001,2012.0000000000005,02_Ne,2012.0000000000005
5.0,3,2,LUMO,100,83.13999999999999,235.00000000000003,747.9999999999999,82_O3,747.9999999999999
5.0,3,3,HOMO,100,78.19000000000004,234.0,522.9999999999997,100_CuCN,522.9999999999997
5.0,3,3,LUMO,100,24.95000000000001,96.99999999999997,130.0,56_TiF4,130.0
5.0,3,4,HOMO,100,25.62999999999998,74.99999999999929,160.00000000000014,100_CuCN,160.00000000000014
5.0,3,4,LUMO,100,9.839999999999998,39.00000000000014,108.99999999999999,82_O3,108.99999999999999
5.0,3,5,HOMO,100,10.63999999999998,38.000000000000256,110.99999999999977,100_CuCN,110.99999999999977
5.0,3,5,LUMO,100,4.709999999999995,16.000000000000014,57.99999999999999,54_LiF,-57.99999999999999
5.0,3,6,HOMO,100,4.540000000000017,11.00000000000012,40.0000000000027,01_He,-40.0000000000027
5.0,3,6,LUMO,100,2.949999999999994,10.000000000000009,57.99999999999999,54_LiF,-57.99999999999999
5.0,3,7,HOMO,100,3.34000000000004,10.999999999999233,40.0000000000027,01_He,-40.0000000000027
5.0,3,7,LUMO,100,2.1099999999999977,8.000000000000007,57.99999999999999,54_LiF,-57.99999999999999
5.0,3,8,HOMO,100,2.979999999999991,11.00000000000012,40.0000000000027,01_He,-40.0000000000027
5.0,3,8,LUMO,100,2.050000000000004,8.999999999999897,57.99999999999999,54_LiF,-57.99999999999999
5.0,3,9,HOMO,100,2.8999999999999555,10.999999999999233,40.0000000000027,01_He,-40.0000000000027
5.0,3,9,LUMO,100,2.0000000000000027,8.999999999999897,57.99999999999999,54_LiF,-57.99999999999999
5.0,3,10,HOMO,100,2.870000000000016,10.999999999999233,40.0000000000027,01_He,-40.0000000000027
5.0,3,10,LUMO,100,2.0600000000000023,9.000000000000007,57.99999999999999,54_LiF,-57.99999999999999
5.0,4,2,HOMO,100,241.64999999999998,596.0000000000001,2012.0000000000005,02_Ne,2012.0000000000005
5.0,4,2,LUMO,100,82.02999999999999,234.00000000000003,731.0,82_O3,731.0
5.0,4,3,HOMO,100,78.22000000000014,234.0,522.0000000000002,100_CuCN,522.0000000000002
5.0,4,3,LUMO,100,30.10000000000002,97.0000000000002,592.0,15_As2,-592.0
5.0,4,4,HOMO,100,24.769999999999953,74.99999999999929,158.9999999999998,100_CuCN,158.9999999999998
5.0,4,4,LUMO,100,9.51,38.000000000000036,104.99999999999999,82_O3,104.99999999999999
5.0,4,5,HOMO,100,10.210000000000013,38.000000000000256,110.99999999999977,100_CuCN,110.99999999999977
5.0,4,5,LUMO,100,4.559999999999987,15.99999999999957,57.99999999999999,54_LiF,-57.99999999999999
5.0,4,6,HOMO,100,4.2100000000000595,11.999999999999567,40.0000000000027,01_He,-40.0000000000027
5.0,4,6,LUMO,100,2.8199999999999954,10.000000000000009,57.99999999999999,54_LiF,-57.99999999999999
5.0,4,7,HOMO,100,3.0600000000000533,11.999999999999567,40.0000000000027,01_He,-40.0000000000027
5.0,4,7,LUMO,100,1.939999999999999,10.000000000000009,57.99999999999999,54_LiF,-57.99999999999999
5.0,4,8,HOMO,100,2.620000000000049,11.999999999998678,40.0000000000027,01_He,-40.0000000000027
5.0,4,8,LUMO,100,1.900000000000006,10.000000000000009,57.99999999999999,54_LiF,-57.99999999999999
5.0,4,9,HOMO,100,2.520000000000016,11.999999999998678,40.0000000000027,01_He,-40.0000000000027
5.0,4,9,LUMO,100,1.8300000000000067,10.000000000000009,57.99999999999999,54_LiF,-57.99999999999999
5.0,4,10,HOMO,100,2.5100000000000393,11.999999999998678,40.0000000000027,01_He,-40.0000000000027
5.0,4,10,LUMO,100,1.8900000000000048,10.000000000000009,57.99999999999999,54_LiF,-57.99999999999999
5.0,5,2,HOMO,100,240.98999999999995,596.0000000000001,2012.0000000000005,02_Ne,2012.0000000000005
5.0,5,2,LUMO,100,82.00999999999998,234.00000000000003,728.0,82_O3,728.0
5.0,5,3,HOMO,100,76.04000000000002,231.99999999999932,522.0000000000002,100_CuCN,522.0000000000002
5.0,5,3,LUMO,100,24.400000000000013,87.99999999999986,130.0,56_TiF4,130.0
5.0,5,4,HOMO,100,24.769999999999964,74.99999999999929,158.9999999999998,100_CuCN,158.9999999999998
5.0,5,4,LUMO,100,9.51,38.000000000000036,104.99999999999999,82_O3,104.99999999999999
5.0,5,5,HOMO,100,10.179999999999977,38.000000000000256,110.99999999999977,100_CuCN,110.99999999999977
5.0,5,5,LUMO,100,4.579999999999987,15.99999999999957,57.99999999999999,54_LiF,-57.99999999999999
5.0,5,6,HOMO,100,4.13000000000005,11.999999999999567,40.0000000000027,01_He,-40.0000000000027
5.0,5,6,LUMO,100,2.8199999999999954,10.000000000000009,57.99999999999999,54_LiF,-57.99999999999999
5.0,5,7,HOMO,100,3.02000000000005,11.000000000001009,40.0000000000027,01_He,-40.0000000000027
5.0,5,7,LUMO,100,1.9200000000000015,10.000000000000009,57.99999999999999,54_LiF,-57.99999999999999
5.0,5,8,HOMO,100,2.620000000000067,11.999999999998678,40.0000000000027,01_He,-40.0000000000027
5.0,5,8,LUMO,100,1.9100000000000048,10.000000000000009,57.99999999999999,54_LiF,-57.99999999999999
5.0,5,9,HOMO,100,2.510000000000048,11.999999999998678,40.0000000000027,01_He,-40.0000000000027
5.0,5,9,LUMO,100,1.8400000000000067,10.000000000000009,57.99999999999999,54_LiF,-57.99999999999999
5.0,5,10,HOMO,100,2.520000000000078,11.999999999998678,40.0000000000027,01_He,-40.0000000000027
5.0,5,10,LUMO,100,1.8800000000000057,10.000000000000009,57.99999999999999,54_LiF,-57.99999999999999
