panel,system,radius_angstrom,orbital,ri_ao_ratio,rs_ao_ratio,published_meV
a,GW100,0.5,HOMO,2,2,975.45
a,GW100,0.5,HOMO,2,3,433.67
a,GW100,0.5,HOMO,2,4,203.26
a,GW100,0.5,HOMO,2,5,95.69
a,GW100,0.5,HOMO,2,6,68.61
a,GW100,0.5,HOMO,2,7,49.71
a,GW100,0.5,HOMO,2,8,44.54
a,GW100,0.5,HOMO,2,9,44.27
a,GW100,0.5,HOMO,2,10,43.04
a,GW100,0.5,HOMO,3,2,940.16
a,GW100,0.5,HOMO,3,3,400.06
a,GW100,0.5,HOMO,3,4,173.5
a,GW100,0.5,HOMO,3,5,68.19
a,GW100,0.5,HOMO,3,6,39.54
a,GW100,0.5,HOMO,3,7,19.78
a,GW100,0.5,HOMO,3,8,15.03
a,GW100,0.5,HOMO,3,9,13.28
a,GW100,0.5,HOMO,3,10,12.33
a,GW100,0.5,HOMO,4,2,929.24
a,GW100,0.5,HOMO,4,3,392.77
a,GW100,0.5,HOMO,4,4,167.89
a,GW100,0.5,HOMO,4,5,64.59
a,GW100,0.5,HOMO,4,6,36.48
a,GW100,0.5,HOMO,4,7,16.18
a,GW100,0.5,HOMO,4,8,12.46
a,GW100,0.5,HOMO,4,9,10.34
a,GW100,0.5,HOMO,4,10,9.89
a,GW100,0.5,HOMO,5,2,925.6
a,GW100,0.5,HOMO,5,3,389.7
a,GW100,0.5,HOMO,5,4,166.61
a,GW100,0.5,HOMO,5,5,63.77
a,GW100,0.5,HOMO,5,6,36.1
a,GW100,0.5,HOMO,5,7,15.56
a,GW100,0.5,HOMO,5,8,12.02
a,GW100,0.5,HOMO,5,9,9.84
a,GW100,0.5,HOMO,5,10,9.26
b,GW100,0.5,LUMO,2,2,539.94
b,GW100,0.5,LUMO,2,3,193.81
b,GW100,0.5,LUMO,2,4,115.96
b,GW100,0.5,LUMO,2,5,44.32
b,GW100,0.5,LUMO,2,6,26.57
b,GW100,0.5,LUMO,2,7,17.66
b,GW100,0.5,LUMO,2,8,14.75
b,GW100,0.5,LUMO,2,9,14.31
b,GW100,0.5,LUMO,2,10,14.33
b,GW100,0.5,LUMO,3,2,540.21
b,GW100,0.5,LUMO,3,3,196.68
b,GW100,0.5,LUMO,3,4,120.25
b,GW100,0.5,LUMO,3,5,45.08
b,GW100,0.5,LUMO,3,6,24.64
b,GW100,0.5,LUMO,3,7,12.68
b,GW100,0.5,LUMO,3,8,8.81
b,GW100,0.5,LUMO,3,9,7.23
b,GW100,0.5,LUMO,3,10,7.15
b,GW100,0.5,LUMO,4,2,540.7
b,GW100,0.5,LUMO,4,3,198.29
b,GW100,0.5,LUMO,4,4,121.54
b,GW100,0.5,LUMO,4,5,45.97
b,GW100,0.5,LUMO,4,6,26.01
b,GW100,0.5,LUMO,4,7,13.08
b,GW100,0.5,LUMO,4,8,8.62
b,GW100,0.5,LUMO,4,9,7.02
b,GW100,0.5,LUMO,4,10,7.51
b,GW100,0.5,LUMO,5,2,541.08
b,GW100,0.5,LUMO,5,3,198.22
b,GW100,0.5,LUMO,5,4,121.62
b,GW100,0.5,LUMO,5,5,45.91
b,GW100,0.5,LUMO,5,6,26.02
b,GW100,0.5,LUMO,5,7,12.94
b,GW100,0.5,LUMO,5,8,8.34
b,GW100,0.5,LUMO,5,9,6.87
b,GW100,0.5,LUMO,5,10,7.41
c,GW100,3.0,HOMO,2,2,800.75
c,GW100,3.0,HOMO,2,3,273.55
c,GW100,3.0,HOMO,2,4,97.33
c,GW100,3.0,HOMO,2,5,56.19
c,GW100,3.0,HOMO,2,6,43.44
c,GW100,3.0,HOMO,2,7,41.49
c,GW100,3.0,HOMO,2,8,40.53
c,GW100,3.0,HOMO,2,9,40.25
c,GW100,3.0,HOMO,2,10,40.86
c,GW100,3.0,HOMO,3,2,768.1
c,GW100,3.0,HOMO,3,3,240.18
c,GW100,3.0,HOMO,3,4,68.51
c,GW100,3.0,HOMO,3,5,26.02
c,GW100,3.0,HOMO,3,6,12.23
c,GW100,3.0,HOMO,3,7,9.82
c,GW100,3.0,HOMO,3,8,9.31
c,GW100,3.0,HOMO,3,9,8.9
c,GW100,3.0,HOMO,3,10,9.74
c,GW100,3.0,HOMO,4,2,758.46
c,GW100,3.0,HOMO,4,3,231.96
c,GW100,3.0,HOMO,4,4,63.99
c,GW100,3.0,HOMO,4,5,21.68
c,GW100,3.0,HOMO,4,6,8.28
c,GW100,3.0,HOMO,4,7,6.46
c,GW100,3.0,HOMO,4,8,5.64
c,GW100,3.0,HOMO,4,9,5.06
c,GW100,3.0,HOMO,4,10,6.32
c,GW100,3.0,HOMO,5,2,755.79
c,GW100,3.0,HOMO,5,3,228.92
c,GW100,3.0,HOMO,5,4,63.03
c,GW100,3.0,HOMO,5,5,20.71
c,GW100,3.0,HOMO,5,6,7.65
c,GW100,3.0,HOMO,5,7,5.6
c,GW100,3.0,HOMO,5,8,4.93
c,GW100,3.0,HOMO,5,9,4.45
c,GW100,3.0,HOMO,5,10,5.68
d,GW100,3.0,LUMO,2,2,253.04
d,GW100,3.0,LUMO,2,3,107.07
d,GW100,3.0,LUMO,2,4,37.31
d,GW100,3.0,LUMO,2,5,18.04
d,GW100,3.0,LUMO,2,6,14.06
d,GW100,3.0,LUMO,2,7,13.56
d,GW100,3.0,LUMO,2,8,13.2
d,GW100,3.0,LUMO,2,9,13.6
d,GW100,3.0,LUMO,2,10,13.7
d,GW100,3.0,LUMO,3,2,238.65
d,GW100,3.0,LUMO,3,3,99.5
d,GW100,3.0,LUMO,3,4,31.1
d,GW100,3.0,LUMO,3,5,10.39
d,GW100,3.0,LUMO,3,6,4.83
d,GW100,3.0,LUMO,3,7,4.09
d,GW100,3.0,LUMO,3,8,3.79
d,GW100,3.0,LUMO,3,9,3.91
d,GW100,3.0,LUMO,3,10,4.65
d,GW100,3.0,LUMO,4,2,235.9
d,GW100,3.0,LUMO,4,3,97.64
d,GW100,3.0,LUMO,4,4,29.54
d,GW100,3.0,LUMO,4,5,9.32
d,GW100,3.0,LUMO,4,6,3.71
d,GW100,3.0,LUMO,4,7,2.39
d,GW100,3.0,LUMO,4,8,2.39
d,GW100,3.0,LUMO,4,9,2.51
d,GW100,3.0,LUMO,4,10,3.61
d,GW100,3.0,LUMO,5,2,234.98
d,GW100,3.0,LUMO,5,3,97.11
d,GW100,3.0,LUMO,5,4,29.01
d,GW100,3.0,LUMO,5,5,8.85
d,GW100,3.0,LUMO,5,6,3.18
d,GW100,3.0,LUMO,5,7,1.96
d,GW100,3.0,LUMO,5,8,2.05
d,GW100,3.0,LUMO,5,9,2.25
d,GW100,3.0,LUMO,5,10,3.28
e,GW100,5.0,HOMO,2,2,755.88
e,GW100,5.0,HOMO,2,3,258.12
e,GW100,5.0,HOMO,2,4,93.0
e,GW100,5.0,HOMO,2,5,55.21
e,GW100,5.0,HOMO,2,6,42.49
e,GW100,5.0,HOMO,2,7,41.05
e,GW100,5.0,HOMO,2,8,40.27
e,GW100,5.0,HOMO,2,9,39.88
e,GW100,5.0,HOMO,2,10,40.43
e,GW100,5.0,HOMO,3,2,721.36
e,GW100,5.0,HOMO,3,3,223.44
e,GW100,5.0,HOMO,3,4,64.11
e,GW100,5.0,HOMO,3,5,24.83
e,GW100,5.0,HOMO,3,6,11.3
e,GW100,5.0,HOMO,3,7,9.45
e,GW100,5.0,HOMO,3,8,8.95
e,GW100,5.0,HOMO,3,9,8.56
e,GW100,5.0,HOMO,3,10,9.52
e,GW100,5.0,HOMO,4,2,712.62
e,GW100,5.0,HOMO,4,3,215.53
e,GW100,5.0,HOMO,4,4,59.91
e,GW100,5.0,HOMO,4,5,20.46
e,GW100,5.0,HOMO,4,6,7.62
e,GW100,5.0,HOMO,4,7,5.93
e,GW100,5.0,HOMO,4,8,5.33
e,GW100,5.0,HOMO,4,9,4.72
e,GW100,5.0,HOMO,4,10,6.12
e,GW100,5.0,HOMO,5,2,709.52
e,GW100,5.0,HOMO,5,3,213.69
e,GW100,5.0,HOMO,5,4,58.74
e,GW100,5.0,HOMO,5,5,19.66
e,GW100,5.0,HOMO,5,6,6.82
e,GW100,5.0,HOMO,5,7,5.1
e,GW100,5.0,HOMO,5,8,4.58
e,GW100,5.0,HOMO,5,9,4.12
e,GW100,5.0,HOMO,5,10,5.48
f,GW100,5.0,LUMO,2,2,243.33
f,GW100,5.0,LUMO,2,3,106.72
f,GW100,5.0,LUMO,2,4,37.91
f,GW100,5.0,LUMO,2,5,18.49
f,GW100,5.0,LUMO,2,6,13.52
f,GW100,5.0,LUMO,2,7,13.01
f,GW100,5.0,LUMO,2,8,13.04
f,GW100,5.0,LUMO,2,9,13.36
f,GW100,5.0,LUMO,2,10,13.41
f,GW100,5.0,LUMO,3,2,227.95
f,GW100,5.0,LUMO,3,3,97.06
f,GW100,5.0,LUMO,3,4,29.72
f,GW100,5.0,LUMO,3,5,19.27
f,GW100,5.0,LUMO,3,6,4.51
f,GW100,5.0,LUMO,3,7,3.96
f,GW100,5.0,LUMO,3,8,3.85
f,GW100,5.0,LUMO,3,9,3.78
f,GW100,5.0,LUMO,3,10,4.49
f,GW100,5.0,LUMO,4,2,224.61
f,GW100,5.0,LUMO,4,3,95.11
f,GW100,5.0,LUMO,4,4,27.84
f,GW100,5.0,LUMO,4,5,18.1
f,GW100,5.0,LUMO,4,6,3.01
f,GW100,5.0,LUMO,4,7,2.36
f,GW100,5.0,LUMO,4,8,2.46
f,GW100,5.0,LUMO,4,9,2.38
f,GW100,5.0,LUMO,4,10,3.45
f,GW100,5.0,LUMO,5,2,224.06
f,GW100,5.0,LUMO,5,3,95.14
f,GW100,5.0,LUMO,5,4,27.66
f,GW100,5.0,LUMO,5,5,18.28
f,GW100,5.0,LUMO,5,6,2.76
f,GW100,5.0,LUMO,5,7,1.91
f,GW100,5.0,LUMO,5,8,2.23
f,GW100,5.0,LUMO,5,9,2.06
f,GW100,5.0,LUMO,5,10,3.08
g,Si45H56,0.5,HOMO,2,2,728.0
g,Si45H56,0.5,HOMO,2,3,317.0
g,Si45H56,0.5,HOMO,2,4,563.0
g,Si45H56,0.5,HOMO,2,5,541.0
g,Si45H56,0.5,HOMO,2,6,157.0
g,Si45H56,0.5,HOMO,2,7,105.0
g,Si45H56,0.5,HOMO,2,8,62.0
g,Si45H56,0.5,HOMO,2,9,56.0
g,Si45H56,0.5,HOMO,2,10,50.0
g,Si45H56,0.5,HOMO,3,2,720.0
g,Si45H56,0.5,HOMO,3,3,312.0
g,Si45H56,0.5,HOMO,3,4,554.0
g,Si45H56,0.5,HOMO,3,5,533.0
g,Si45H56,0.5,HOMO,3,6,148.0
g,Si45H56,0.5,HOMO,3,7,96.0
g,Si45H56,0.5,HOMO,3,8,54.0
g,Si45H56,0.5,HOMO,3,9,49.0
g,Si45H56,0.5,HOMO,3,10,43.0
g,Si45H56,0.5,HOMO,4,2,719.0
g,Si45H56,0.5,HOMO,4,3,309.0
g,Si45H56,0.5,HOMO,4,4,551.0
g,Si45H56,0.5,HOMO,4,5,531.0
g,Si45H56,0.5,HOMO,4,6,144.0
g,Si45H56,0.5,HOMO,4,7,93.0
g,Si45H56,0.5,HOMO,4,8,51.0
g,Si45H56,0.5,HOMO,4,9,46.0
g,Si45H56,0.5,HOMO,4,10,42.0
g,Si45H56,0.5,HOMO,5,2,715.0
g,Si45H56,0.5,HOMO,5,3,308.0
g,Si45H56,0.5,HOMO,5,4,549.0
g,Si45H56,0.5,HOMO,5,5,530.0
g,Si45H56,0.5,HOMO,5,6,145.0
g,Si45H56,0.5,HOMO,5,7,93.0
g,Si45H56,0.5,HOMO,5,8,52.0
g,Si45H56,0.5,HOMO,5,9,44.0
g,Si45H56,0.5,HOMO,5,10,44.0
h,Si45H56,0.5,LUMO,2,2,611.0
h,Si45H56,0.5,LUMO,2,3,324.0
h,Si45H56,0.5,LUMO,2,4,848.0
h,Si45H56,0.5,LUMO,2,5,477.0
h,Si45H56,0.5,LUMO,2,6,144.0
h,Si45H56,0.5,LUMO,2,7,100.0
h,Si45H56,0.5,LUMO,2,8,70.0
h,Si45H56,0.5,LUMO,2,9,63.0
h,Si45H56,0.5,LUMO,2,10,54.0
h,Si45H56,0.5,LUMO,3,2,619.0
h,Si45H56,0.5,LUMO,3,3,332.0
h,Si45H56,0.5,LUMO,3,4,854.0
h,Si45H56,0.5,LUMO,3,5,484.0
h,Si45H56,0.5,LUMO,3,6,147.0
h,Si45H56,0.5,LUMO,3,7,103.0
h,Si45H56,0.5,LUMO,3,8,74.0
h,Si45H56,0.5,LUMO,3,9,69.0
h,Si45H56,0.5,LUMO,3,10,61.0
h,Si45H56,0.5,LUMO,4,2,623.0
h,Si45H56,0.5,LUMO,4,3,333.0
h,Si45H56,0.5,LUMO,4,4,854.0
h,Si45H56,0.5,LUMO,4,5,484.0
h,Si45H56,0.5,LUMO,4,6,147.0
h,Si45H56,0.5,LUMO,4,7,104.0
h,Si45H56,0.5,LUMO,4,8,76.0
h,Si45H56,0.5,LUMO,4,9,69.0
h,Si45H56,0.5,LUMO,4,10,62.0
h,Si45H56,0.5,LUMO,5,2,622.0
h,Si45H56,0.5,LUMO,5,3,334.0
h,Si45H56,0.5,LUMO,5,4,856.0
h,Si45H56,0.5,LUMO,5,5,486.0
h,Si45H56,0.5,LUMO,5,6,151.0
h,Si45H56,0.5,LUMO,5,7,105.0
h,Si45H56,0.5,LUMO,5,8,75.0
h,Si45H56,0.5,LUMO,5,9,70.0
h,Si45H56,0.5,LUMO,5,10,68.0
i,Si45H56,3.0,HOMO,2,2,291.0
i,Si45H56,3.0,HOMO,2,3,89.0
i,Si45H56,3.0,HOMO,2,4,45.0
i,Si45H56,3.0,HOMO,2,5,3.0
i,Si45H56,3.0,HOMO,2,6,5.0
i,Si45H56,3.0,HOMO,2,7,7.0
i,Si45H56,3.0,HOMO,2,8,6.0
i,Si45H56,3.0,HOMO,2,9,7.0
i,Si45H56,3.0,HOMO,2,10,7.0
i,Si45H56,3.0,HOMO,3,2,282.0
i,Si45H56,3.0,HOMO,3,3,82.0
i,Si45H56,3.0,HOMO,3,4,39.0
i,Si45H56,3.0,HOMO,3,5,2.0
i,Si45H56,3.0,HOMO,3,6,1.0
i,Si45H56,3.0,HOMO,3,7,1.0
i,Si45H56,3.0,HOMO,3,8,1.0
i,Si45H56,3.0,HOMO,3,9,1.0
i,Si45H56,3.0,HOMO,3,10,1.0
i,Si45H56,3.0,HOMO,4,2,279.0
i,Si45H56,3.0,HOMO,4,3,80.0
i,Si45H56,3.0,HOMO,4,4,37.0
i,Si45H56,3.0,HOMO,4,5,4.0
i,Si45H56,3.0,HOMO,4,6,3.0
i,Si45H56,3.0,HOMO,4,7,1.0
i,Si45H56,3.0,HOMO,4,8,1.0
i,Si45H56,3.0,HOMO,4,9,1.0
i,Si45H56,3.0,HOMO,4,10,1.0
i,Si45H56,3.0,HOMO,5,2,278.0
i,Si45H56,3.0,HOMO,5,3,79.0
i,Si45H56,3.0,HOMO,5,4,36.0
i,Si45H56,3.0,HOMO,5,5,3.0
i,Si45H56,3.0,HOMO,5,6,5.0
i,Si45H56,3.0,HOMO,5,7,3.0
i,Si45H56,3.0,HOMO,5,8,4.0
i,Si45H56,3.0,HOMO,5,9,4.0
i,Si45H56,3.0,HOMO,5,10,3.0
j,Si45H56,3.0,LUMO,2,2,109.0
j,Si45H56,3.0,LUMO,2,3,31.0
j,Si45H56,3.0,LUMO,2,4,13.0
j,Si45H56,3.0,LUMO,2,5,11.0
j,Si45H56,3.0,LUMO,2,6,14.0
j,Si45H56,3.0,LUMO,2,7,16.0
j,Si45H56,3.0,LUMO,2,8,18.0
j,Si45H56,3.0,LUMO,2,9,20.0
j,Si45H56,3.0,LUMO,2,10,17.0
j,Si45H56,3.0,LUMO,3,2,114.0
j,Si45H56,3.0,LUMO,3,3,37.0
j,Si45H56,3.0,LUMO,3,4,20.0
j,Si45H56,3.0,LUMO,3,5,4.0
j,Si45H56,3.0,LUMO,3,6,4.0
j,Si45H56,3.0,LUMO,3,7,23.0
j,Si45H56,3.0,LUMO,3,8,16.0
j,Si45H56,3.0,LUMO,3,9,15.0
j,Si45H56,3.0,LUMO,3,10,25.0
j,Si45H56,3.0,LUMO,4,2,116.0
j,Si45H56,3.0,LUMO,4,3,39.0
j,Si45H56,3.0,LUMO,4,4,22.0
j,Si45H56,3.0,LUMO,4,5,1.0
j,Si45H56,3.0,LUMO,4,6,4.0
j,Si45H56,3.0,LUMO,4,7,6.0
j,Si45H56,3.0,LUMO,4,8,6.0
j,Si45H56,3.0,LUMO,4,9,7.0
j,Si45H56,3.0,LUMO,4,10,7.0
j,Si45H56,3.0,LUMO,5,2,120.0
j,Si45H56,3.0,LUMO,5,3,44.0
j,Si45H56,3.0,LUMO,5,4,31.0
j,Si45H56,3.0,LUMO,5,5,10.0
j,Si45H56,3.0,LUMO,5,6,7.0
j,Si45H56,3.0,LUMO,5,7,5.0
j,Si45H56,3.0,LUMO,5,8,4.0
j,Si45H56,3.0,LUMO,5,9,3.0
j,Si45H56,3.0,LUMO,5,10,3.0
k,Si45H56,5.0,HOMO,2,2,228.0
k,Si45H56,5.0,HOMO,2,3,64.0
k,Si45H56,5.0,HOMO,2,4,25.0
k,Si45H56,5.0,HOMO,2,5,5.0
k,Si45H56,5.0,HOMO,2,6,3.0
k,Si45H56,5.0,HOMO,2,7,6.0
k,Si45H56,5.0,HOMO,2,8,5.0
k,Si45H56,5.0,HOMO,2,9,6.0
k,Si45H56,5.0,HOMO,2,10,5.0
k,Si45H56,5.0,HOMO,3,2,222.0
k,Si45H56,5.0,HOMO,3,3,58.0
k,Si45H56,5.0,HOMO,3,4,20.0
k,Si45H56,5.0,HOMO,3,5,1.0
k,Si45H56,5.0,HOMO,3,6,3.0
k,Si45H56,5.0,HOMO,3,7,1.0
k,Si45H56,5.0,HOMO,3,8,1.0
k,Si45H56,5.0,HOMO,3,9,1.0
k,Si45H56,5.0,HOMO,3,10,1.0
k,Si45H56,5.0,HOMO,4,2,219.0
k,Si45H56,5.0,HOMO,4,3,56.0
k,Si45H56,5.0,HOMO,4,4,18.0
k,Si45H56,5.0,HOMO,4,5,2.0
k,Si45H56,5.0,HOMO,4,6,4.0
k,Si45H56,5.0,HOMO,4,7,1.0
k,Si45H56,5.0,HOMO,4,8,2.0
k,Si45H56,5.0,HOMO,4,9,1.0
k,Si45H56,5.0,HOMO,4,10,2.0
k,Si45H56,5.0,HOMO,5,2,217.0
k,Si45H56,5.0,HOMO,5,3,56.0
k,Si45H56,5.0,HOMO,5,4,16.0
k,Si45H56,5.0,HOMO,5,5,3.0
k,Si45H56,5.0,HOMO,5,6,7.0
k,Si45H56,5.0,HOMO,5,7,4.0
k,Si45H56,5.0,HOMO,5,8,5.0
k,Si45H56,5.0,HOMO,5,9,6.0
k,Si45H56,5.0,HOMO,5,10,6.0
l,Si45H56,5.0,LUMO,2,2,9.0
l,Si45H56,5.0,LUMO,2,3,16.0
l,Si45H56,5.0,LUMO,2,4,9.0
l,Si45H56,5.0,LUMO,2,5,17.0
l,Si45H56,5.0,LUMO,2,6,17.0
l,Si45H56,5.0,LUMO,2,7,42.0
l,Si45H56,5.0,LUMO,2,8,31.0
l,Si45H56,5.0,LUMO,2,9,13.0
l,Si45H56,5.0,LUMO,2,10,16.0
l,Si45H56,5.0,LUMO,3,2,1.0
l,Si45H56,5.0,LUMO,3,3,8.0
l,Si45H56,5.0,LUMO,3,4,4.0
l,Si45H56,5.0,LUMO,3,5,14.0
l,Si45H56,5.0,LUMO,3,6,23.0
l,Si45H56,5.0,LUMO,3,7,20.0
l,Si45H56,5.0,LUMO,3,8,2.0
l,Si45H56,5.0,LUMO,3,9,24.0
l,Si45H56,5.0,LUMO,3,10,24.0
l,Si45H56,5.0,LUMO,4,2,1.0
l,Si45H56,5.0,LUMO,4,3,4.0
l,Si45H56,5.0,LUMO,4,4,1.0
l,Si45H56,5.0,LUMO,4,5,6.0
l,Si45H56,5.0,LUMO,4,6,5.0
l,Si45H56,5.0,LUMO,4,7,16.0
l,Si45H56,5.0,LUMO,4,8,11.0
l,Si45H56,5.0,LUMO,4,9,8.0
l,Si45H56,5.0,LUMO,4,10,7.0
l,Si45H56,5.0,LUMO,5,2,5.0
l,Si45H56,5.0,LUMO,5,3,5.0
l,Si45H56,5.0,LUMO,5,4,11.0
l,Si45H56,5.0,LUMO,5,5,6.0
l,Si45H56,5.0,LUMO,5,6,6.0
l,Si45H56,5.0,LUMO,5,7,4.0
l,Si45H56,5.0,LUMO,5,8,4.0
l,Si45H56,5.0,LUMO,5,9,3.0
l,Si45H56,5.0,LUMO,5,10,4.0
m,Si293H172,0.5,HOMO,2,2,905.0
m,Si293H172,0.5,HOMO,2,3,277.0
m,Si293H172,0.5,HOMO,2,4,190.0
m,Si293H172,0.5,HOMO,2,5,351.0
m,Si293H172,0.5,HOMO,2,6,384.0
m,Si293H172,0.5,HOMO,2,7,153.0
m,Si293H172,0.5,HOMO,2,8,107.0
m,Si293H172,0.5,HOMO,2,9,43.0
m,Si293H172,0.5,HOMO,2,10,38.0
m,Si293H172,0.5,HOMO,3,2,899.0
m,Si293H172,0.5,HOMO,3,3,275.0
m,Si293H172,0.5,HOMO,3,4,187.0
m,Si293H172,0.5,HOMO,3,5,350.0
m,Si293H172,0.5,HOMO,3,6,380.0
m,Si293H172,0.5,HOMO,3,7,142.0
m,Si293H172,0.5,HOMO,3,8,103.0
m,Si293H172,0.5,HOMO,3,9,33.0
m,Si293H172,0.5,HOMO,3,10,5.0
m,Si293H172,0.5,HOMO,4,2,895.0
m,Si293H172,0.5,HOMO,4,3,272.0
m,Si293H172,0.5,HOMO,4,4,185.0
m,Si293H172,0.5,HOMO,4,5,348.0
m,Si293H172,0.5,HOMO,4,6,379.0
m,Si293H172,0.5,HOMO,4,7,141.0
m,Si293H172,0.5,HOMO,4,8,100.0
m,Si293H172,0.5,HOMO,4,9,29.0
m,Si293H172,0.5,HOMO,4,10,35.0
m,Si293H172,0.5,HOMO,5,2,893.0
m,Si293H172,0.5,HOMO,5,3,270.0
m,Si293H172,0.5,HOMO,5,4,183.0
m,Si293H172,0.5,HOMO,5,5,346.0
m,Si293H172,0.5,HOMO,5,6,377.0
m,Si293H172,0.5,HOMO,5,7,138.0
m,Si293H172,0.5,HOMO,5,8,98.0
m,Si293H172,0.5,HOMO,5,9,26.0
m,Si293H172,0.5,HOMO,5,10,22.0
n,Si293H172,0.5,LUMO,2,2,520.0
n,Si293H172,0.5,LUMO,2,3,316.0
n,Si293H172,0.5,LUMO,2,4,748.0
n,Si293H172,0.5,LUMO,2,5,384.0
n,Si293H172,0.5,LUMO,2,6,220.0
n,Si293H172,0.5,LUMO,2,7,146.0
n,Si293H172,0.5,LUMO,2,8,112.0
n,Si293H172,0.5,LUMO,2,9,97.0
n,Si293H172,0.5,LUMO,2,10,70.0
n,Si293H172,0.5,LUMO,3,2,526.0
n,Si293H172,0.5,LUMO,3,3,319.0
n,Si293H172,0.5,LUMO,3,4,753.0
n,Si293H172,0.5,LUMO,3,5,387.0
n,Si293H172,0.5,LUMO,3,6,220.0
n,Si293H172,0.5,LUMO,3,7,136.0
n,Si293H172,0.5,LUMO,3,8,112.0
n,Si293H172,0.5,LUMO,3,9,95.0
n,Si293H172,0.5,LUMO,3,10,26.0
n,Si293H172,0.5,LUMO,4,2,530.0
n,Si293H172,0.5,LUMO,4,3,322.0
n,Si293H172,0.5,LUMO,4,4,756.0
n,Si293H172,0.5,LUMO,4,5,389.0
n,Si293H172,0.5,LUMO,4,6,222.0
n,Si293H172,0.5,LUMO,4,7,138.0
n,Si293H172,0.5,LUMO,4,8,107.0
n,Si293H172,0.5,LUMO,4,9,91.0
n,Si293H172,0.5,LUMO,4,10,24.0
n,Si293H172,0.5,LUMO,5,2,532.0
n,Si293H172,0.5,LUMO,5,3,323.0
n,Si293H172,0.5,LUMO,5,4,757.0
n,Si293H172,0.5,LUMO,5,5,390.0
n,Si293H172,0.5,LUMO,5,6,222.0
n,Si293H172,0.5,LUMO,5,7,135.0
n,Si293H172,0.5,LUMO,5,8,104.0
n,Si293H172,0.5,LUMO,5,9,87.0
n,Si293H172,0.5,LUMO,5,10,1.0
o,Si293H172,3.0,HOMO,2,2,340.0
o,Si293H172,3.0,HOMO,2,3,130.0
o,Si293H172,3.0,HOMO,2,4,64.0
o,Si293H172,3.0,HOMO,2,5,9.0
o,Si293H172,3.0,HOMO,2,6,2.0
o,Si293H172,3.0,HOMO,2,7,1.0
o,Si293H172,3.0,HOMO,2,8,1.0
o,Si293H172,3.0,HOMO,2,9,1.0
o,Si293H172,3.0,HOMO,2,10,1.0
o,Si293H172,3.0,HOMO,3,2,334.0
o,Si293H172,3.0,HOMO,3,3,124.0
o,Si293H172,3.0,HOMO,3,4,60.0
o,Si293H172,3.0,HOMO,3,5,5.0
o,Si293H172,3.0,HOMO,3,6,2.0
o,Si293H172,3.0,HOMO,3,7,2.0
o,Si293H172,3.0,HOMO,3,8,3.0
o,Si293H172,3.0,HOMO,3,9,4.0
o,Si293H172,3.0,HOMO,3,10,3.0
o,Si293H172,3.0,HOMO,4,2,330.0
o,Si293H172,3.0,HOMO,4,3,122.0
o,Si293H172,3.0,HOMO,4,4,59.0
o,Si293H172,3.0,HOMO,4,5,5.0
o,Si293H172,3.0,HOMO,4,6,2.0
o,Si293H172,3.0,HOMO,4,7,2.0
o,Si293H172,3.0,HOMO,4,8,4.0
o,Si293H172,3.0,HOMO,4,9,4.0
o,Si293H172,3.0,HOMO,4,10,3.0
o,Si293H172,3.0,HOMO,5,2,327.0
o,Si293H172,3.0,HOMO,5,3,119.0
o,Si293H172,3.0,HOMO,5,4,57.0
o,Si293H172,3.0,HOMO,5,5,3.0
o,Si293H172,3.0,HOMO,5,6,4.0
o,Si293H172,3.0,HOMO,5,7,4.0
o,Si293H172,3.0,HOMO,5,8,6.0
o,Si293H172,3.0,HOMO,5,9,5.0
o,Si293H172,3.0,HOMO,5,10,5.0
p,Si293H172,3.0,LUMO,2,2,165.0
p,Si293H172,3.0,LUMO,2,3,74.0
p,Si293H172,3.0,LUMO,2,4,39.0
p,Si293H172,3.0,LUMO,2,5,17.0
p,Si293H172,3.0,LUMO,2,6,6.0
p,Si293H172,3.0,LUMO,2,7,3.0
p,Si293H172,3.0,LUMO,2,8,1.0
p,Si293H172,3.0,LUMO,2,9,1.0
p,Si293H172,3.0,LUMO,2,10,1.0
p,Si293H172,3.0,LUMO,3,2,170.0
p,Si293H172,3.0,LUMO,3,3,72.0
p,Si293H172,3.0,LUMO,3,4,38.0
p,Si293H172,3.0,LUMO,3,5,14.0
p,Si293H172,3.0,LUMO,3,6,3.0
p,Si293H172,3.0,LUMO,3,7,1.0
p,Si293H172,3.0,LUMO,3,8,1.0
p,Si293H172,3.0,LUMO,3,9,1.0
p,Si293H172,3.0,LUMO,3,10,1.0
p,Si293H172,3.0,LUMO,4,2,172.0
p,Si293H172,3.0,LUMO,4,3,76.0
p,Si293H172,3.0,LUMO,4,4,40.0
p,Si293H172,3.0,LUMO,4,5,15.0
p,Si293H172,3.0,LUMO,4,6,6.0
p,Si293H172,3.0,LUMO,4,7,3.0
p,Si293H172,3.0,LUMO,4,8,1.0
p,Si293H172,3.0,LUMO,4,9,1.0
p,Si293H172,3.0,LUMO,4,10,1.0
p,Si293H172,3.0,LUMO,5,2,173.0
p,Si293H172,3.0,LUMO,5,3,75.0
p,Si293H172,3.0,LUMO,5,4,39.0
p,Si293H172,3.0,LUMO,5,5,14.0
p,Si293H172,3.0,LUMO,5,6,4.0
p,Si293H172,3.0,LUMO,5,7,2.0
p,Si293H172,3.0,LUMO,5,8,1.0
p,Si293H172,3.0,LUMO,5,9,1.0
p,Si293H172,3.0,LUMO,5,10,1.0
q,Si293H172,5.0,HOMO,2,2,305.0
q,Si293H172,5.0,HOMO,2,3,74.0
q,Si293H172,5.0,HOMO,2,4,28.0
q,Si293H172,5.0,HOMO,2,5,2.0
q,Si293H172,5.0,HOMO,2,6,2.0
q,Si293H172,5.0,HOMO,2,7,1.0
q,Si293H172,5.0,HOMO,2,8,1.0
q,Si293H172,5.0,HOMO,2,9,1.0
q,Si293H172,5.0,HOMO,2,10,1.0
q,Si293H172,5.0,HOMO,3,2,298.0
q,Si293H172,5.0,HOMO,3,3,68.0
q,Si293H172,5.0,HOMO,3,4,24.0
q,Si293H172,5.0,HOMO,3,5,3.0
q,Si293H172,5.0,HOMO,3,6,6.0
q,Si293H172,5.0,HOMO,3,7,4.0
q,Si293H172,5.0,HOMO,3,8,5.0
q,Si293H172,5.0,HOMO,3,9,4.0
q,Si293H172,5.0,HOMO,3,10,4.0
q,Si293H172,5.0,HOMO,4,2,295.0
q,Si293H172,5.0,HOMO,4,3,66.0
q,Si293H172,5.0,HOMO,4,4,23.0
q,Si293H172,5.0,HOMO,4,5,3.0
q,Si293H172,5.0,HOMO,4,6,6.0
q,Si293H172,5.0,HOMO,4,7,5.0
q,Si293H172,5.0,HOMO,4,8,5.0
q,Si293H172,5.0,HOMO,4,9,5.0
q,Si293H172,5.0,HOMO,4,10,4.0
q,Si293H172,5.0,HOMO,5,2,292.0
q,Si293H172,5.0,HOMO,5,3,64.0
q,Si293H172,5.0,HOMO,5,4,20.0
q,Si293H172,5.0,HOMO,5,5,6.0
q,Si293H172,5.0,HOMO,5,6,9.0
q,Si293H172,5.0,HOMO,5,7,7.0
q,Si293H172,5.0,HOMO,5,8,7.0
q,Si293H172,5.0,HOMO,5,9,7.0
q,Si293H172,5.0,HOMO,5,10,6.0
r,Si293H172,5.0,LUMO,2,2,9.0
r,Si293H172,5.0,LUMO,2,3,4.0
r,Si293H172,5.0,LUMO,2,4,5.0
r,Si293H172,5.0,LUMO,2,5,8.0
r,Si293H172,5.0,LUMO,2,6,2.0
r,Si293H172,5.0,LUMO,2,7,1.0
r,Si293H172,5.0,LUMO,2,8,1.0
r,Si293H172,5.0,LUMO,2,9,1.0
r,Si293H172,5.0,LUMO,2,10,1.0
r,Si293H172,5.0,LUMO,3,2,8.0
r,Si293H172,5.0,LUMO,3,3,2.0
r,Si293H172,5.0,LUMO,3,4,4.0
r,Si293H172,5.0,LUMO,3,5,2.0
r,Si293H172,5.0,LUMO,3,6,1.0
r,Si293H172,5.0,LUMO,3,7,1.0
r,Si293H172,5.0,LUMO,3,8,2.0
r,Si293H172,5.0,LUMO,3,9,2.0
r,Si293H172,5.0,LUMO,3,10,2.0
r,Si293H172,5.0,LUMO,4,2,3.0
r,Si293H172,5.0,LUMO,4,3,6.0
r,Si293H172,5.0,LUMO,4,4,7.0
r,Si293H172,5.0,LUMO,4,5,4.0
r,Si293H172,5.0,LUMO,4,6,1.0
r,Si293H172,5.0,LUMO,4,7,1.0
r,Si293H172,5.0,LUMO,4,8,1.0
r,Si293H172,5.0,LUMO,4,9,1.0
r,Si293H172,5.0,LUMO,4,10,1.0
r,Si293H172,5.0,LUMO,5,2,4.0
r,Si293H172,5.0,LUMO,5,3,5.0
r,Si293H172,5.0,LUMO,5,4,6.0
r,Si293H172,5.0,LUMO,5,5,2.0
r,Si293H172,5.0,LUMO,5,6,1.0
r,Si293H172,5.0,LUMO,5,7,1.0
r,Si293H172,5.0,LUMO,5,8,1.0
r,Si293H172,5.0,LUMO,5,9,1.0
r,Si293H172,5.0,LUMO,5,10,1.0
